{"cameraMode":{"drawMode":0,"name":"Shaded","section":"Shading Mode"},"sceneLighting":false,"audioPlay":false,"sceneViewState":{"showFog":true,"showMaterialUpdate":false,"showSkybox":false,"showFlares":true,"showImageEffects":true,"showParticleSystems":true},"in2DMode":false,"pivot":{"x":9.094392776489258,"y":1.6340276002883912,"z":-0.028822634369134904},"rotation":{"x":0.025207068771123887,"y":0.0002942028804682195,"z":-0.0000085143028627499,"w":0.9996984004974365},"size":17.204341888427736,"orthographic":false}